accuracy,balanced_accuracy,precision_macro,recall_macro,f1_macro,roc_auc,pr_auc,dataset,task,scheme,fold,model,n_train,n_test,excluded_test_frac,n_classes_seen,fit_seconds
0.9977,0.9967,0.997,0.9967,0.9969,0.9999,1.0,ton_iot,binary,stratified,1,XGBoost,168834,42209,0.0,2,4.8
0.9982,0.9973,0.9977,0.9973,0.9975,0.9999,1.0,ton_iot,binary,stratified,1,LightGBM,168834,42209,0.0,2,32.8
0.9969,0.9945,0.9969,0.9945,0.9957,0.9993,0.9997,ton_iot,binary,stratified,1,RandomForest,168834,42209,0.0,2,7.0
0.998,0.997,0.9975,0.997,0.9972,0.9999,1.0,ton_iot,binary,stratified,2,XGBoost,168834,42209,0.0,2,7.6
0.9983,0.9972,0.9982,0.9972,0.9977,1.0,1.0,ton_iot,binary,stratified,2,LightGBM,168834,42209,0.0,2,38.1
0.9971,0.9947,0.9973,0.9947,0.996,0.9993,0.9997,ton_iot,binary,stratified,2,RandomForest,168834,42209,0.0,2,6.0
0.9977,0.9966,0.9971,0.9966,0.9969,0.9999,1.0,ton_iot,binary,stratified,3,XGBoost,168834,42209,0.0,2,11.1
0.9985,0.9974,0.9983,0.9974,0.9979,0.9999,1.0,ton_iot,binary,stratified,3,LightGBM,168834,42209,0.0,2,23.8
0.9967,0.994,0.9968,0.994,0.9954,0.9993,0.9997,ton_iot,binary,stratified,3,RandomForest,168834,42209,0.0,2,7.1
0.9979,0.9967,0.9976,0.9967,0.9971,0.9999,1.0,ton_iot,binary,stratified,4,XGBoost,168835,42208,0.0,2,41.9
0.9984,0.9972,0.9985,0.9972,0.9978,1.0,1.0,ton_iot,binary,stratified,4,LightGBM,168835,42208,0.0,2,9.4
0.997,0.9944,0.9973,0.9944,0.9958,0.9997,0.9999,ton_iot,binary,stratified,4,RandomForest,168835,42208,0.0,2,13.6
0.9975,0.9958,0.9972,0.9958,0.9965,0.9998,0.9999,ton_iot,binary,stratified,5,XGBoost,168835,42208,0.0,2,30.7
0.998,0.9965,0.9979,0.9965,0.9972,0.9999,1.0,ton_iot,binary,stratified,5,LightGBM,168835,42208,0.0,2,4.8
0.9964,0.9934,0.9966,0.9934,0.995,0.9992,0.9997,ton_iot,binary,stratified,5,RandomForest,168835,42208,0.0,2,6.6
0.9978,0.8219,0.6018,0.8219,0.6544,0.9912,1.0,ton_iot,binary,group,1,XGBoost,149410,61633,0.0,2,5.4
0.9969,0.8215,0.5747,0.8215,0.6208,0.9918,1.0,ton_iot,binary,group,1,LightGBM,149410,61633,0.0,2,6.2
0.9985,0.7911,0.6385,0.7911,0.6875,0.9616,1.0,ton_iot,binary,group,1,RandomForest,149410,61633,0.0,2,6.1
0.9107,0.7402,0.9389,0.7402,0.7973,0.9927,0.9986,ton_iot,binary,group,2,XGBoost,173690,37353,0.0,2,3.8
0.9185,0.7617,0.947,0.7617,0.8188,0.9985,0.9997,ton_iot,binary,group,2,LightGBM,173690,37353,0.0,2,3.5
0.9115,0.7391,0.9469,0.7391,0.7976,0.98,0.9962,ton_iot,binary,group,2,RandomForest,173690,37353,0.0,2,7.0
0.9607,0.9382,0.9569,0.9382,0.947,0.9694,0.9798,ton_iot,binary,group,3,XGBoost,173690,37353,0.0,2,3.0
0.97,0.9528,0.9673,0.9528,0.9598,0.9721,0.9809,ton_iot,binary,group,3,LightGBM,173690,37353,0.0,2,2.1
0.976,0.9557,0.9809,0.9557,0.9674,0.9667,0.9739,ton_iot,binary,group,3,RandomForest,173690,37353,0.0,2,6.1
0.9928,0.9893,0.985,0.9893,0.9871,0.9959,0.9991,ton_iot,binary,group,4,XGBoost,173691,37352,0.0,2,3.1
0.9926,0.9894,0.9843,0.9894,0.9868,0.9985,0.9997,ton_iot,binary,group,4,LightGBM,173691,37352,0.0,2,3.6
0.9927,0.9884,0.9856,0.9884,0.987,0.9889,0.997,ton_iot,binary,group,4,RandomForest,173691,37352,0.0,2,7.3
0.8064,0.87,0.7829,0.87,0.787,0.9973,0.9948,ton_iot,binary,group,5,XGBoost,173691,37352,0.0,2,2.9
0.8079,0.8711,0.7839,0.8711,0.7885,0.9967,0.9916,ton_iot,binary,group,5,LightGBM,173691,37352,0.0,2,2.3
0.8081,0.8712,0.784,0.8712,0.7887,0.9992,0.9972,ton_iot,binary,group,5,RandomForest,173691,37352,0.0,2,6.1
0.9056,0.8867,0.879,0.8867,0.8805,0.9917,,ton_iot,multi,stratified,1,XGBoost,168834,42209,0.0,10,30.6
0.9064,0.886,0.8833,0.886,0.8827,0.9918,,ton_iot,multi,stratified,1,LightGBM,168834,42209,0.0,10,29.2
0.8363,0.8109,0.8351,0.8109,0.7971,0.9793,,ton_iot,multi,stratified,1,RandomForest,168834,42209,0.0,10,5.7
0.9067,0.8852,0.8786,0.8852,0.8791,0.992,,ton_iot,multi,stratified,2,XGBoost,168834,42209,0.0,10,36.3
0.9072,0.8831,0.8837,0.8831,0.8811,0.992,,ton_iot,multi,stratified,2,LightGBM,168834,42209,0.0,10,21.6
0.8359,0.807,0.8353,0.807,0.7949,0.9797,,ton_iot,multi,stratified,2,RandomForest,168834,42209,0.0,10,6.4
0.9058,0.8822,0.8831,0.8822,0.8805,0.9919,,ton_iot,multi,stratified,3,XGBoost,168834,42209,0.0,10,33.5
0.9066,0.8825,0.8842,0.8825,0.8814,0.9917,,ton_iot,multi,stratified,3,LightGBM,168834,42209,0.0,10,22.2
0.8359,0.8127,0.838,0.8127,0.7994,0.9796,,ton_iot,multi,stratified,3,RandomForest,168834,42209,0.0,10,5.7
0.8996,0.8793,0.8727,0.8793,0.8732,0.9909,,ton_iot,multi,stratified,4,XGBoost,168835,42208,0.0,10,32.8
0.8999,0.8764,0.8746,0.8764,0.8734,0.9908,,ton_iot,multi,stratified,4,LightGBM,168835,42208,0.0,10,20.1
0.8313,0.8038,0.8338,0.8038,0.7928,0.9785,,ton_iot,multi,stratified,4,RandomForest,168835,42208,0.0,10,6.1
0.906,0.8888,0.8784,0.8888,0.8808,0.9919,,ton_iot,multi,stratified,5,XGBoost,168835,42208,0.0,10,35.1
0.9058,0.8827,0.8775,0.8827,0.8777,0.9918,,ton_iot,multi,stratified,5,LightGBM,168835,42208,0.0,10,22.6
0.844,0.8205,0.8402,0.8205,0.8027,0.9795,,ton_iot,multi,stratified,5,RandomForest,168835,42208,0.0,10,5.2
0.6551,0.7416,0.4545,0.445,0.3789,,,ton_iot,multi,group,1,XGBoost,149410,61633,0.0,10,31.2
0.6548,0.7456,0.4626,0.4473,0.3884,,,ton_iot,multi,group,1,LightGBM,149410,61633,0.0,10,21.2
0.6195,0.6904,0.4792,0.4142,0.3875,,,ton_iot,multi,group,1,RandomForest,149410,61633,0.0,10,5.3
0.8146,0.7055,0.5535,0.5644,0.5316,,,ton_iot,multi,group,2,XGBoost,173690,37353,0.0,10,34.8
0.8556,0.7388,0.5733,0.591,0.5651,,,ton_iot,multi,group,2,LightGBM,173690,37353,0.0,10,18.8
0.6925,0.6611,0.5583,0.5289,0.5252,,,ton_iot,multi,group,2,RandomForest,173690,37353,0.0,10,5.9
0.9311,0.7159,0.2266,0.3182,0.223,,,ton_iot,multi,group,3,XGBoost,173690,17353,0.5354,9,29.5
0.9405,0.7203,0.2263,0.3201,0.2233,,,ton_iot,multi,group,3,LightGBM,173690,17353,0.5354,9,19.4
0.89,0.6933,0.2252,0.3081,0.2145,,,ton_iot,multi,group,3,RandomForest,173690,17353,0.5354,9,6.3
0.4178,0.6701,0.4096,0.3351,0.2838,,,ton_iot,multi,group,4,XGBoost,173691,37352,0.0,10,36.7
0.419,0.6681,0.4132,0.3341,0.2877,,,ton_iot,multi,group,4,LightGBM,173691,37352,0.0,10,21.3
0.4183,0.6801,0.4109,0.3401,0.2877,,,ton_iot,multi,group,4,RandomForest,173691,37352,0.0,10,7.1
0.7679,0.7059,0.2548,0.353,0.254,,,ton_iot,multi,group,5,XGBoost,173691,37352,0.0,10,35.2
0.7691,0.7062,0.2551,0.3531,0.2529,,,ton_iot,multi,group,5,LightGBM,173691,37352,0.0,10,24.6
0.7697,0.7064,0.2523,0.3532,0.2524,,,ton_iot,multi,group,5,RandomForest,173691,37352,0.0,10,6.8
0.9937,0.9837,0.9877,0.9837,0.9857,0.9998,0.9984,unsw_nb15,binary,stratified,1,XGBoost,1600000,400000,0.0,2,31.5
0.9938,0.9838,0.988,0.9838,0.9859,0.9998,0.9984,unsw_nb15,binary,stratified,1,LightGBM,1600000,400000,0.0,2,16.6
0.9945,0.9868,0.9883,0.9868,0.9876,0.9998,0.9984,unsw_nb15,binary,stratified,1,RandomForest,1600000,400000,0.0,2,129.6
0.9937,0.9838,0.9876,0.9838,0.9857,0.9998,0.9984,unsw_nb15,binary,stratified,2,XGBoost,1600000,400000,0.0,2,33.2
0.994,0.9846,0.9883,0.9846,0.9865,0.9998,0.9985,unsw_nb15,binary,stratified,2,LightGBM,1600000,400000,0.0,2,24.8
0.9946,0.9872,0.9882,0.9872,0.9877,0.9998,0.9985,unsw_nb15,binary,stratified,2,RandomForest,1600000,400000,0.0,2,125.0
0.9935,0.9833,0.9871,0.9833,0.9852,0.9997,0.9983,unsw_nb15,binary,stratified,3,XGBoost,1600000,400000,0.0,2,39.3
0.9938,0.9839,0.9878,0.9839,0.9859,0.9998,0.9984,unsw_nb15,binary,stratified,3,LightGBM,1600000,400000,0.0,2,24.5
0.9942,0.9864,0.9874,0.9864,0.9869,0.9998,0.9984,unsw_nb15,binary,stratified,3,RandomForest,1600000,400000,0.0,2,145.0
0.9937,0.9835,0.9879,0.9835,0.9857,0.9998,0.9983,unsw_nb15,binary,stratified,4,XGBoost,1600000,400000,0.0,2,29.3
0.9937,0.9834,0.9879,0.9834,0.9856,0.9997,0.9969,unsw_nb15,binary,stratified,4,LightGBM,1600000,400000,0.0,2,16.7
0.9945,0.9868,0.9884,0.9868,0.9876,0.9998,0.9984,unsw_nb15,binary,stratified,4,RandomForest,1600000,400000,0.0,2,126.1
0.9937,0.9835,0.9879,0.9835,0.9857,0.9998,0.9983,unsw_nb15,binary,stratified,5,XGBoost,1600000,400000,0.0,2,37.5
0.9938,0.9839,0.9881,0.9839,0.986,0.9998,0.9984,unsw_nb15,binary,stratified,5,LightGBM,1600000,400000,0.0,2,22.4
0.9943,0.9866,0.9877,0.9866,0.9872,0.9998,0.9984,unsw_nb15,binary,stratified,5,RandomForest,1600000,400000,0.0,2,137.4
1.0,1.0,1.0,1.0,1.0,,0.0,unsw_nb15,binary,temporal,1,XGBoost,400000,400000,0.0,2,9.0
1.0,1.0,1.0,1.0,1.0,,0.0,unsw_nb15,binary,temporal,1,LightGBM,400000,400000,0.0,2,6.9
1.0,1.0,1.0,1.0,1.0,,0.0,unsw_nb15,binary,temporal,1,RandomForest,400000,400000,0.0,2,25.3
0.9864,0.9839,0.9693,0.9839,0.9764,0.9986,0.9911,unsw_nb15,binary,temporal,2,XGBoost,800000,400000,0.0,2,15.7
0.9864,0.9841,0.969,0.9841,0.9764,0.9983,0.9874,unsw_nb15,binary,temporal,2,LightGBM,800000,400000,0.0,2,10.7
0.9864,0.9837,0.9693,0.9837,0.9763,0.9955,0.9637,unsw_nb15,binary,temporal,2,RandomForest,800000,400000,0.0,2,54.2
0.9892,0.9838,0.9849,0.9838,0.9843,0.9996,0.9985,unsw_nb15,binary,temporal,3,XGBoost,1200000,400000,0.0,2,24.2
0.9892,0.9838,0.9849,0.9838,0.9843,0.9996,0.9985,unsw_nb15,binary,temporal,3,LightGBM,1200000,400000,0.0,2,15.3
0.989,0.9844,0.9838,0.9844,0.9841,0.9995,0.9983,unsw_nb15,binary,temporal,3,RandomForest,1200000,400000,0.0,2,96.3
0.9892,0.9824,0.9831,0.9824,0.9827,0.9995,0.9981,unsw_nb15,binary,temporal,4,XGBoost,1600000,400000,0.0,2,33.7
0.9894,0.9828,0.9833,0.9828,0.9831,0.9995,0.9981,unsw_nb15,binary,temporal,4,LightGBM,1600000,400000,0.0,2,21.3
0.9891,0.9827,0.9826,0.9827,0.9827,0.9995,0.9981,unsw_nb15,binary,temporal,4,RandomForest,1600000,400000,0.0,2,129.8
0.9896,0.9786,0.9798,0.9786,0.9792,0.9995,0.9972,unsw_nb15,binary,group,1,XGBoost,1601383,398617,0.0,2,30.5
0.9899,0.98,0.9797,0.98,0.9799,0.9995,0.9972,unsw_nb15,binary,group,1,LightGBM,1601383,398617,0.0,2,17.1
0.9897,0.9804,0.9788,0.9804,0.9795,0.9994,0.9959,unsw_nb15,binary,group,1,RandomForest,1601383,398617,0.0,2,141.5
0.9898,0.9849,0.9844,0.9849,0.9846,0.9996,0.9985,unsw_nb15,binary,group,2,XGBoost,1601353,398647,0.0,2,31.7
0.9897,0.985,0.984,0.985,0.9845,0.9996,0.9985,unsw_nb15,binary,group,2,LightGBM,1601353,398647,0.0,2,19.2
0.9894,0.9851,0.9831,0.9851,0.9841,0.9995,0.9982,unsw_nb15,binary,group,2,RandomForest,1601353,398647,0.0,2,124.8
0.9908,0.9869,0.9872,0.9869,0.987,0.9997,0.999,unsw_nb15,binary,group,3,XGBoost,1594530,405470,0.0,2,35.8
0.9908,0.9871,0.987,0.9871,0.987,0.9997,0.9989,unsw_nb15,binary,group,3,LightGBM,1594530,405470,0.0,2,23.7
0.9904,0.987,0.9857,0.987,0.9864,0.9995,0.9982,unsw_nb15,binary,group,3,RandomForest,1594530,405470,0.0,2,132.2
0.9915,0.9461,0.9536,0.9461,0.9498,0.9989,0.9778,unsw_nb15,binary,group,4,XGBoost,1601381,398619,0.0,2,29.5
0.9916,0.9476,0.9539,0.9476,0.9508,0.9989,0.9786,unsw_nb15,binary,group,4,LightGBM,1601381,398619,0.0,2,16.9
0.9915,0.9502,0.9508,0.9502,0.9505,0.9989,0.9772,unsw_nb15,binary,group,4,RandomForest,1601381,398619,0.0,2,132.1
1.0,1.0,1.0,1.0,1.0,,0.0,unsw_nb15,binary,group,5,XGBoost,1601353,398647,0.0,2,29.9
1.0,1.0,1.0,1.0,1.0,,0.0,unsw_nb15,binary,group,5,LightGBM,1601353,398647,0.0,2,22.1
1.0,1.0,1.0,1.0,1.0,,0.0,unsw_nb15,binary,group,5,RandomForest,1601353,398647,0.0,2,150.2
0.9811,0.5449,0.7431,0.5449,0.5688,0.9969,,unsw_nb15,multi,stratified,1,XGBoost,1600000,400000,0.0,10,346.6
0.977,0.4941,0.493,0.4941,0.4782,0.9134,,unsw_nb15,multi,stratified,1,LightGBM,1600000,400000,0.0,10,203.8
0.9814,0.544,0.7086,0.544,0.5732,0.9891,,unsw_nb15,multi,stratified,1,RandomForest,1600000,400000,0.0,10,125.1
0.981,0.5333,0.7333,0.5333,0.5535,0.9966,,unsw_nb15,multi,stratified,2,XGBoost,1600000,400000,0.0,10,327.0
0.9662,0.3768,0.3781,0.3768,0.3738,0.7001,,unsw_nb15,multi,stratified,2,LightGBM,1600000,400000,0.0,10,176.9
0.9814,0.5291,0.6966,0.5291,0.5548,0.9913,,unsw_nb15,multi,stratified,2,RandomForest,1600000,400000,0.0,10,123.3
0.9813,0.5425,0.7267,0.5425,0.5641,0.9969,,unsw_nb15,multi,stratified,3,XGBoost,1600000,400000,0.0,10,325.7
0.9787,0.5093,0.5218,0.5093,0.5049,0.9371,,unsw_nb15,multi,stratified,3,LightGBM,1600000,400000,0.0,10,199.0
0.9815,0.5491,0.7134,0.5491,0.5769,0.9894,,unsw_nb15,multi,stratified,3,RandomForest,1600000,400000,0.0,10,122.5
0.9814,0.5567,0.7571,0.5567,0.578,0.9969,,unsw_nb15,multi,stratified,4,XGBoost,1600000,400000,0.0,10,327.5
0.9754,0.4926,0.4848,0.4926,0.4838,0.8624,,unsw_nb15,multi,stratified,4,LightGBM,1600000,400000,0.0,10,235.8
0.9817,0.5506,0.7716,0.5506,0.5872,0.9911,,unsw_nb15,multi,stratified,4,RandomForest,1600000,400000,0.0,10,124.5
0.9813,0.5669,0.7836,0.5669,0.5934,0.997,,unsw_nb15,multi,stratified,5,XGBoost,1600000,400000,0.0,10,325.0
0.9779,0.4945,0.5233,0.4945,0.4976,0.9285,,unsw_nb15,multi,stratified,5,LightGBM,1600000,400000,0.0,10,208.7
0.9813,0.5441,0.7132,0.5441,0.5733,0.9923,,unsw_nb15,multi,stratified,5,RandomForest,1600000,400000,0.0,10,126.0
1.0,1.0,1.0,1.0,1.0,,,unsw_nb15,multi,temporal,1,XGBoost,400000,400000,0.0,10,78.8
1.0,1.0,0.25,0.25,0.25,,,unsw_nb15,multi,temporal,1,LightGBM,400000,400000,0.0,10,70.7
1.0,1.0,1.0,1.0,1.0,,,unsw_nb15,multi,temporal,1,RandomForest,400000,400000,0.0,10,26.5
0.9642,0.522,0.551,0.522,0.5039,0.9934,,unsw_nb15,multi,temporal,2,XGBoost,800000,400000,0.0,10,152.1
0.8354,0.1321,0.2273,0.1321,0.1437,0.5463,,unsw_nb15,multi,temporal,2,LightGBM,800000,400000,0.0,10,52.7
0.9634,0.4832,0.5984,0.4832,0.4545,0.9863,,unsw_nb15,multi,temporal,2,RandomForest,800000,400000,0.0,10,51.9
0.9697,0.5386,0.661,0.5386,0.5497,0.9947,,unsw_nb15,multi,temporal,3,XGBoost,1200000,400000,0.0,10,230.7
0.957,0.4499,0.4393,0.4499,0.4409,0.8124,,unsw_nb15,multi,temporal,3,LightGBM,1200000,400000,0.0,10,148.8
0.969,0.5068,0.7302,0.5068,0.5287,0.991,,unsw_nb15,multi,temporal,3,RandomForest,1200000,400000,0.0,10,85.1
0.9709,0.5431,0.6577,0.5431,0.5488,0.9951,,unsw_nb15,multi,temporal,4,XGBoost,1600000,400000,0.0,10,310.4
0.9618,0.4607,0.4588,0.4607,0.4472,0.8694,,unsw_nb15,multi,temporal,4,LightGBM,1600000,400000,0.0,10,184.5
0.9711,0.5311,0.7166,0.5311,0.545,0.9905,,unsw_nb15,multi,temporal,4,RandomForest,1600000,400000,0.0,10,113.9
0.9721,0.5321,0.6693,0.5321,0.5426,0.9953,,unsw_nb15,multi,group,1,XGBoost,1601383,398617,0.0,10,322.1
0.9667,0.4864,0.4788,0.4864,0.4711,0.9308,,unsw_nb15,multi,group,1,LightGBM,1601383,398617,0.0,10,206.7
0.9718,0.5148,0.6595,0.5148,0.5313,0.9933,,unsw_nb15,multi,group,1,RandomForest,1601383,398617,0.0,10,118.1
0.9795,0.565,0.7112,0.565,0.5952,0.9969,,unsw_nb15,multi,group,2,XGBoost,1601353,398647,0.0,10,312.0
0.9707,0.4961,0.4964,0.4961,0.4822,0.8897,,unsw_nb15,multi,group,2,LightGBM,1601353,398647,0.0,10,190.6
0.9789,0.5657,0.6963,0.5657,0.5993,0.9927,,unsw_nb15,multi,group,2,RandomForest,1601353,398647,0.0,10,124.6
0.9669,0.5273,0.6258,0.5273,0.5404,0.9932,,unsw_nb15,multi,group,3,XGBoost,1594530,405470,0.0,10,316.8
0.9547,0.4484,0.4536,0.4484,0.4472,0.7954,,unsw_nb15,multi,group,3,LightGBM,1594530,405470,0.0,10,199.6
0.9661,0.5133,0.6376,0.5133,0.5323,0.9881,,unsw_nb15,multi,group,3,RandomForest,1594530,405470,0.0,10,125.6
0.9804,0.5097,0.6639,0.5097,0.5298,0.9969,,unsw_nb15,multi,group,4,XGBoost,1601381,398619,0.0,10,324.8
0.9704,0.3949,0.3709,0.3949,0.3701,0.8281,,unsw_nb15,multi,group,4,LightGBM,1601381,398619,0.0,10,220.3
0.9809,0.5053,0.6728,0.5053,0.5374,0.9892,,unsw_nb15,multi,group,4,RandomForest,1601381,398619,0.0,10,126.6
1.0,1.0,0.5,0.5,0.5,,,unsw_nb15,multi,group,5,XGBoost,1601353,398647,0.0,10,331.4
1.0,1.0,0.25,0.25,0.25,,,unsw_nb15,multi,group,5,LightGBM,1601353,398647,0.0,10,201.5
1.0,1.0,1.0,1.0,1.0,,,unsw_nb15,multi,group,5,RandomForest,1601353,398647,0.0,10,127.2
0.9988,0.9985,0.9977,0.9985,0.9981,1.0,0.9998,cicids2017,binary,stratified,1,XGBoost,1600000,400000,0.0,2,40.3
0.9989,0.9987,0.9978,0.9987,0.9982,0.9999,0.9992,cicids2017,binary,stratified,1,LightGBM,1600000,400000,0.0,2,38.9
0.9975,0.9953,0.9969,0.9953,0.9961,0.9999,0.9995,cicids2017,binary,stratified,1,RandomForest,1600000,400000,0.0,2,254.5
0.9988,0.9984,0.9978,0.9984,0.9981,1.0,0.9998,cicids2017,binary,stratified,2,XGBoost,1600000,400000,0.0,2,41.1
0.9989,0.9986,0.998,0.9986,0.9983,1.0,0.9998,cicids2017,binary,stratified,2,LightGBM,1600000,400000,0.0,2,39.4
0.9983,0.9971,0.9975,0.9971,0.9973,0.9999,0.9995,cicids2017,binary,stratified,2,RandomForest,1600000,400000,0.0,2,251.7
0.9988,0.9985,0.9979,0.9985,0.9982,1.0,0.9998,cicids2017,binary,stratified,3,XGBoost,1600000,400000,0.0,2,39.3
0.9989,0.9986,0.9979,0.9986,0.9983,0.9999,0.9988,cicids2017,binary,stratified,3,LightGBM,1600000,400000,0.0,2,39.6
0.9979,0.9962,0.9973,0.9962,0.9967,0.9999,0.9995,cicids2017,binary,stratified,3,RandomForest,1600000,400000,0.0,2,232.6
0.9989,0.9987,0.998,0.9987,0.9983,1.0,0.9998,cicids2017,binary,stratified,4,XGBoost,1600000,400000,0.0,2,38.6
0.999,0.9988,0.998,0.9988,0.9984,0.9999,0.9993,cicids2017,binary,stratified,4,LightGBM,1600000,400000,0.0,2,38.0
0.9981,0.9964,0.9974,0.9964,0.9969,0.9999,0.9995,cicids2017,binary,stratified,4,RandomForest,1600000,400000,0.0,2,252.3
0.9988,0.9985,0.9978,0.9985,0.9981,1.0,0.9998,cicids2017,binary,stratified,5,XGBoost,1600000,400000,0.0,2,39.6
0.9989,0.9987,0.9979,0.9987,0.9983,1.0,0.9997,cicids2017,binary,stratified,5,LightGBM,1600000,400000,0.0,2,38.4
0.9975,0.9951,0.9969,0.9951,0.996,0.9999,0.9995,cicids2017,binary,stratified,5,RandomForest,1600000,400000,0.0,2,234.6
0.7508,0.5031,0.8107,0.5031,0.4351,0.8639,0.6534,cicids2017,binary,temporal,1,XGBoost,1178685,821315,0.0,2,32.0
0.7701,0.5446,0.8323,0.5446,0.5174,0.5739,0.5404,cicids2017,binary,temporal,1,LightGBM,1178685,821315,0.0,2,29.0
0.8194,0.6398,0.9015,0.6398,0.6647,0.8434,0.6695,cicids2017,binary,temporal,1,RandomForest,1178685,821315,0.0,2,180.2
0.5893,0.5001,0.5688,0.5001,0.3713,0.8696,0.7937,cicids2017,binary,temporal,2,XGBoost,1502844,497156,0.0,2,39.2
0.6186,0.5358,0.8009,0.5358,0.4447,0.8652,0.8229,cicids2017,binary,temporal,2,LightGBM,1502844,497156,0.0,2,37.0
0.7037,0.6394,0.832,0.6394,0.6176,0.6861,0.6442,cicids2017,binary,temporal,2,RandomForest,1502844,497156,0.0,2,243.8
0.5893,0.5001,0.5688,0.5001,0.3713,0.8696,0.7937,cicids2017,binary,group,1,XGBoost,1502844,497156,0.0,2,40.8
0.6186,0.5358,0.8009,0.5358,0.4447,0.8652,0.8229,cicids2017,binary,group,1,LightGBM,1502844,497156,0.0,2,36.7
0.7037,0.6394,0.832,0.6394,0.6176,0.6861,0.6442,cicids2017,binary,group,1,RandomForest,1502844,497156,0.0,2,241.4
0.645,0.5135,0.8168,0.5135,0.4172,0.9607,0.9319,cicids2017,binary,group,2,XGBoost,1510874,489126,0.0,2,40.0
0.66,0.5341,0.8247,0.5341,0.4584,0.9457,0.9058,cicids2017,binary,group,2,LightGBM,1510874,489126,0.0,2,34.9
0.637,0.5025,0.8112,0.5025,0.394,0.9542,0.9271,cicids2017,binary,group,2,RandomForest,1510874,489126,0.0,2,185.3
0.9994,0.9994,0.5,0.4997,0.4999,,0.0,cicids2017,binary,group,3,XGBoost,1625526,374474,0.0,2,42.2
0.9994,0.9994,0.5,0.4997,0.4999,,0.0,cicids2017,binary,group,3,LightGBM,1625526,374474,0.0,2,36.8
0.9994,0.9994,0.5,0.4997,0.4999,,0.0,cicids2017,binary,group,3,RandomForest,1625526,374474,0.0,2,230.4
0.8613,0.8283,0.5131,0.8283,0.489,0.8548,0.0175,cicids2017,binary,group,4,XGBoost,1675841,324159,0.0,2,44.7
0.8612,0.8368,0.5134,0.8368,0.4895,0.816,0.0191,cicids2017,binary,group,4,LightGBM,1675841,324159,0.0,2,37.0
0.9919,0.809,0.6613,0.809,0.7115,0.9567,0.2852,cicids2017,binary,group,4,RandomForest,1675841,324159,0.0,2,254.8
0.9675,0.4998,0.497,0.4998,0.493,0.899,0.1321,cicids2017,binary,group,5,XGBoost,1684915,315085,0.0,2,43.7
0.9676,0.5002,0.5034,0.5002,0.4936,0.894,0.142,cicids2017,binary,group,5,LightGBM,1684915,315085,0.0,2,42.0
0.964,0.4975,0.4848,0.4975,0.4909,0.755,0.0787,cicids2017,binary,group,5,RandomForest,1684915,315085,0.0,2,259.9
0.9986,0.8791,0.9294,0.8791,0.8974,0.9999,,cicids2017,multi,stratified,1,XGBoost,1600000,400000,0.0,15,641.3
0.9028,0.2017,0.2361,0.2017,0.2151,0.5888,,cicids2017,multi,stratified,1,LightGBM,1600000,400000,0.0,15,245.1
0.9975,0.798,0.8502,0.798,0.8179,0.9996,,cicids2017,multi,stratified,1,RandomForest,1600000,400000,0.0,15,273.8
0.9987,0.8882,0.9305,0.8882,0.9045,1.0,,cicids2017,multi,stratified,2,XGBoost,1600000,400000,0.0,15,642.6
0.8069,0.1593,0.1728,0.1593,0.1531,0.5611,,cicids2017,multi,stratified,2,LightGBM,1600000,400000,0.0,15,249.2
0.9975,0.8077,0.8547,0.8077,0.8268,0.9997,,cicids2017,multi,stratified,2,RandomForest,1600000,400000,0.0,15,276.3
0.9986,0.7616,0.7967,0.7616,0.7742,1.0,,cicids2017,multi,stratified,3,XGBoost,1600000,400000,0.0,15,632.0
0.8214,0.1309,0.1953,0.1309,0.1072,0.5477,,cicids2017,multi,stratified,3,LightGBM,1600000,400000,0.0,15,233.5
0.9976,0.7072,0.7916,0.7072,0.7273,0.9994,,cicids2017,multi,stratified,3,RandomForest,1600000,400000,0.0,15,274.5
0.9987,0.836,0.9401,0.836,0.8599,0.9924,,cicids2017,multi,stratified,4,XGBoost,1600000,400000,0.0,15,630.4
0.9551,0.3423,0.3004,0.3423,0.3099,0.6682,,cicids2017,multi,stratified,4,LightGBM,1600000,400000,0.0,15,257.4
0.9976,0.7489,0.862,0.7489,0.7813,0.9829,,cicids2017,multi,stratified,4,RandomForest,1600000,400000,0.0,15,276.7
0.9986,0.8484,0.9262,0.8484,0.8716,0.9996,,cicids2017,multi,stratified,5,XGBoost,1600000,400000,0.0,15,624.4
0.8295,0.1983,0.2379,0.1983,0.2012,0.5827,,cicids2017,multi,stratified,5,LightGBM,1600000,400000,0.0,15,228.4
0.9976,0.7797,0.8649,0.7797,0.8011,0.9811,,cicids2017,multi,stratified,5,RandomForest,1600000,400000,0.0,15,273.4
0.9997,0.9997,0.1667,0.1666,0.1666,,,cicids2017,multi,temporal,1,XGBoost,1178685,615538,0.2505,8,251.9
0.995,0.995,0.125,0.1244,0.1247,,,cicids2017,multi,temporal,1,LightGBM,1178685,615538,0.2505,8,117.0
0.9997,0.9997,0.1667,0.1666,0.1666,,,cicids2017,multi,temporal,1,RandomForest,1178685,615538,0.2505,8,193.6
0.9997,0.9997,0.1429,0.1428,0.1428,,,cicids2017,multi,temporal,2,XGBoost,1502844,292955,0.4107,12,465.4
0.9857,0.9857,0.0833,0.0821,0.0827,,,cicids2017,multi,temporal,2,LightGBM,1502844,292955,0.4107,12,183.1
0.9998,0.9998,0.25,0.2499,0.25,,,cicids2017,multi,temporal,2,RandomForest,1502844,292955,0.4107,12,270.9
0.9997,0.9997,0.1429,0.1428,0.1428,,,cicids2017,multi,group,1,XGBoost,1502844,292955,0.4107,12,469.5
0.9857,0.9857,0.0833,0.0821,0.0827,,,cicids2017,multi,group,1,LightGBM,1502844,292955,0.4107,12,183.0
0.9998,0.9998,0.25,0.2499,0.25,,,cicids2017,multi,group,1,RandomForest,1502844,292955,0.4107,12,270.2
0.9999,0.9999,0.1429,0.1428,0.1429,,,cicids2017,multi,group,2,XGBoost,1510874,310667,0.3649,10,387.2
0.9976,0.9976,0.1429,0.1425,0.1427,,,cicids2017,multi,group,2,LightGBM,1510874,310667,0.3649,10,168.0
1.0,1.0,0.25,0.25,0.25,,,cicids2017,multi,group,2,RandomForest,1510874,310667,0.3649,10,200.3
0.9991,0.9991,0.1667,0.1665,0.1666,,,cicids2017,multi,group,3,XGBoost,1625526,374474,0.0,15,644.6
0.9694,0.9694,0.0769,0.0746,0.0757,,,cicids2017,multi,group,3,LightGBM,1625526,374474,0.0,15,238.8
0.9994,0.9994,0.1667,0.1666,0.1666,,,cicids2017,multi,group,3,RandomForest,1625526,374474,0.0,15,277.2
0.9479,0.9479,0.1429,0.1354,0.139,,,cicids2017,multi,group,4,XGBoost,1675841,322583,0.0049,11,505.3
0.8945,0.8945,0.0909,0.0813,0.0858,,,cicids2017,multi,group,4,LightGBM,1675841,322583,0.0049,11,188.5
0.9974,0.9974,0.125,0.1247,0.1248,,,cicids2017,multi,group,4,RandomForest,1675841,322583,0.0049,11,278.8
0.9987,0.9987,0.125,0.1248,0.1249,,,cicids2017,multi,group,5,XGBoost,1684915,305328,0.031,13,579.2
0.9956,0.9956,0.3333,0.3319,0.3326,,,cicids2017,multi,group,5,LightGBM,1684915,305328,0.031,13,225.8
0.9936,0.9936,0.25,0.2484,0.2492,,,cicids2017,multi,group,5,RandomForest,1684915,305328,0.031,13,301.4
