accuracy,balanced_accuracy,precision_macro,recall_macro,f1_macro,dataset,task,model,config,fold,n_train,backend,converged,fit_seconds
0.9973,0.9954,0.9972,0.9954,0.9963,ton_iot,binary,RandomForest,default,1,140695,sklearn,,5.1
0.9971,0.9962,0.9958,0.9962,0.996,ton_iot,binary,RandomForest,balanced_resample,1,140695,sklearn,,6.2
0.911,0.8156,0.9414,0.8156,0.8582,ton_iot,binary,SVM,default,1,50000,sklearn,False,55.0
0.8756,0.7477,0.905,0.7477,0.7908,ton_iot,binary,SVM,balanced_resample,1,50000,sklearn,False,58.2
0.956,0.9157,0.9618,0.9157,0.9361,ton_iot,binary,MLP,default,1,140695,sklearn,True,11.0
0.9137,0.937,0.8666,0.937,0.892,ton_iot,binary,MLP,weighted_loss,1,140695,sklearn,True,6.5
0.9966,0.9939,0.9968,0.9939,0.9953,ton_iot,binary,RandomForest,default,2,140695,sklearn,,3.7
0.9965,0.9948,0.9956,0.9948,0.9952,ton_iot,binary,RandomForest,balanced_resample,2,140695,sklearn,,4.4
0.9112,0.8164,0.9406,0.8164,0.8587,ton_iot,binary,SVM,default,2,50000,sklearn,False,68.4
0.8344,0.7234,0.7843,0.7234,0.7453,ton_iot,binary,SVM,balanced_resample,2,50000,sklearn,False,102.8
0.9557,0.915,0.9616,0.915,0.9356,ton_iot,binary,MLP,default,2,140695,sklearn,True,6.7
0.9129,0.9348,0.8656,0.9348,0.8907,ton_iot,binary,MLP,weighted_loss,2,140695,sklearn,True,6.9
0.997,0.9946,0.9971,0.9946,0.9958,ton_iot,binary,RandomForest,default,3,140696,sklearn,,5.3
0.9968,0.9955,0.9955,0.9955,0.9955,ton_iot,binary,RandomForest,balanced_resample,3,140696,sklearn,,6.1
0.9118,0.8176,0.9411,0.8176,0.8598,ton_iot,binary,SVM,default,3,50000,sklearn,False,93.2
0.8966,0.7918,0.9201,0.7918,0.8335,ton_iot,binary,SVM,balanced_resample,3,50000,sklearn,False,103.8
0.9575,0.9165,0.9655,0.9165,0.9381,ton_iot,binary,MLP,default,3,140696,sklearn,True,15.2
0.9159,0.9372,0.8692,0.9372,0.8942,ton_iot,binary,MLP,weighted_loss,3,140696,sklearn,True,8.4
0.8371,0.8075,0.8348,0.8075,0.7959,ton_iot,multi,RandomForest,default,1,140695,sklearn,,5.2
0.8433,0.8285,0.8317,0.8285,0.7995,ton_iot,multi,RandomForest,balanced_resample,1,140695,sklearn,,6.7
0.6342,0.5735,0.6339,0.5735,0.5149,ton_iot,multi,SVM,default,1,50000,sklearn,True,293.8
0.6282,0.651,0.6612,0.651,0.5369,ton_iot,multi,SVM,balanced_resample,1,50000,sklearn,True,200.8
0.7155,0.6862,0.7434,0.6862,0.6335,ton_iot,multi,MLP,default,1,140695,sklearn,True,12.3
0.7111,0.7088,0.7299,0.7088,0.6087,ton_iot,multi,MLP,weighted_loss,1,140695,sklearn,True,11.9
0.8353,0.8069,0.8358,0.8069,0.7955,ton_iot,multi,RandomForest,default,2,140695,sklearn,,3.9
0.8413,0.8287,0.8262,0.8287,0.7949,ton_iot,multi,RandomForest,balanced_resample,2,140695,sklearn,,5.7
0.6296,0.5698,0.6519,0.5698,0.5074,ton_iot,multi,SVM,default,2,50000,sklearn,True,225.9
0.6265,0.6473,0.6594,0.6473,0.534,ton_iot,multi,SVM,balanced_resample,2,50000,sklearn,True,294.5
0.7158,0.6843,0.7476,0.6843,0.6325,ton_iot,multi,MLP,default,2,140695,sklearn,True,15.2
0.7093,0.7041,0.727,0.7041,0.6043,ton_iot,multi,MLP,weighted_loss,2,140695,sklearn,True,10.5
0.8426,0.818,0.8398,0.818,0.8023,ton_iot,multi,RandomForest,default,3,140696,sklearn,,3.8
0.8416,0.8298,0.8283,0.8298,0.7963,ton_iot,multi,RandomForest,balanced_resample,3,140696,sklearn,,6.1
0.6296,0.589,0.6463,0.589,0.531,ton_iot,multi,SVM,default,3,50000,sklearn,True,296.9
0.6264,0.6475,0.6566,0.6475,0.5334,ton_iot,multi,SVM,balanced_resample,3,50000,sklearn,True,236.0
0.745,0.7075,0.738,0.7075,0.6864,ton_iot,multi,MLP,default,3,140696,sklearn,False,14.3
0.7181,0.7163,0.7072,0.7163,0.6325,ton_iot,multi,MLP,weighted_loss,3,140696,sklearn,False,14.1
0.9943,0.9863,0.9878,0.9863,0.987,unsw_nb15,binary,RandomForest,default,1,1333333,sklearn,,97.3
0.9924,0.992,0.9748,0.992,0.9832,unsw_nb15,binary,RandomForest,balanced_resample,1,1333333,sklearn,,96.7
0.9877,0.992,0.9564,0.992,0.9732,unsw_nb15,binary,SVM,default,1,50000,sklearn,True,67.8
0.9879,0.993,0.9564,0.993,0.9737,unsw_nb15,binary,SVM,balanced_resample,1,50000,sklearn,True,56.6
0.9925,0.9807,0.9851,0.9807,0.9829,unsw_nb15,binary,MLP,default,1,1333333,sklearn,True,48.5
0.9881,0.9931,0.9572,0.9931,0.9742,unsw_nb15,binary,MLP,weighted_loss,1,1333333,sklearn,True,20.4
0.9943,0.9862,0.9877,0.9862,0.987,unsw_nb15,binary,RandomForest,default,2,1333333,sklearn,,84.4
0.9925,0.992,0.9752,0.992,0.9834,unsw_nb15,binary,RandomForest,balanced_resample,2,1333333,sklearn,,97.6
0.9876,0.9919,0.9562,0.9919,0.973,unsw_nb15,binary,SVM,default,2,50000,sklearn,True,59.7
0.9878,0.9929,0.9562,0.9929,0.9735,unsw_nb15,binary,SVM,balanced_resample,2,50000,sklearn,True,47.5
0.9921,0.983,0.9813,0.983,0.9822,unsw_nb15,binary,MLP,default,2,1333333,sklearn,True,23.7
0.9881,0.993,0.9572,0.993,0.9742,unsw_nb15,binary,MLP,weighted_loss,2,1333333,sklearn,True,21.7
0.9942,0.9863,0.9875,0.9863,0.9869,unsw_nb15,binary,RandomForest,default,3,1333334,sklearn,,88.7
0.9924,0.992,0.9747,0.992,0.9831,unsw_nb15,binary,RandomForest,balanced_resample,3,1333334,sklearn,,99.8
0.9877,0.9902,0.9576,0.9902,0.9731,unsw_nb15,binary,SVM,default,3,50000,sklearn,True,75.9
0.9877,0.9929,0.9557,0.9929,0.9733,unsw_nb15,binary,SVM,balanced_resample,3,50000,sklearn,False,63.2
0.9925,0.9825,0.9836,0.9825,0.983,unsw_nb15,binary,MLP,default,3,1333334,sklearn,True,34.4
0.988,0.993,0.9566,0.993,0.9738,unsw_nb15,binary,MLP,weighted_loss,3,1333334,sklearn,True,23.4
0.9813,0.5388,0.69,0.5388,0.5659,unsw_nb15,multi,RandomForest,default,1,1333333,sklearn,,105.1
0.9711,0.6043,0.5711,0.6043,0.567,unsw_nb15,multi,RandomForest,balanced_resample,1,1333333,sklearn,,159.4
0.9685,0.3011,0.3184,0.3011,0.2839,unsw_nb15,multi,SVM,default,1,50000,sklearn,True,161.5
0.961,0.4987,0.3854,0.4987,0.3938,unsw_nb15,multi,SVM,balanced_resample,1,50000,sklearn,False,1968.3
0.9785,0.4604,0.5992,0.4604,0.4823,unsw_nb15,multi,MLP,default,1,1333333,sklearn,True,62.1
0.9676,0.6615,0.4616,0.6615,0.485,unsw_nb15,multi,MLP,weighted_loss,1,1333333,sklearn,True,37.3
0.9813,0.5458,0.7221,0.5458,0.5762,unsw_nb15,multi,RandomForest,default,2,1333333,sklearn,,104.3
0.9713,0.6143,0.5861,0.6143,0.5808,unsw_nb15,multi,RandomForest,balanced_resample,2,1333333,sklearn,,177.9
0.9687,0.3063,0.2789,0.3063,0.284,unsw_nb15,multi,SVM,default,2,50000,sklearn,True,161.7
0.9613,0.4895,0.3918,0.4895,0.3994,unsw_nb15,multi,SVM,balanced_resample,2,50000,sklearn,False,2123.9
0.9785,0.4565,0.5933,0.4565,0.4614,unsw_nb15,multi,MLP,default,2,1333333,sklearn,True,49.3
0.9691,0.6831,0.4732,0.6831,0.4995,unsw_nb15,multi,MLP,weighted_loss,2,1333333,sklearn,True,61.8
0.9812,0.5498,0.7079,0.5498,0.5829,unsw_nb15,multi,RandomForest,default,3,1333334,sklearn,,107.7
0.9711,0.6189,0.5777,0.6189,0.5776,unsw_nb15,multi,RandomForest,balanced_resample,3,1333334,sklearn,,183.3
0.9685,0.3111,0.3733,0.3111,0.293,unsw_nb15,multi,SVM,default,3,50000,sklearn,True,159.2
0.96,0.5241,0.381,0.5241,0.3972,unsw_nb15,multi,SVM,balanced_resample,3,50000,sklearn,False,2119.0
0.9782,0.4454,0.6777,0.4454,0.4556,unsw_nb15,multi,MLP,default,3,1333334,sklearn,True,47.8
0.9646,0.6545,0.4537,0.6545,0.4529,unsw_nb15,multi,MLP,weighted_loss,3,1333334,sklearn,True,28.5
0.9979,0.9963,0.9972,0.9963,0.9967,cicids2017,binary,RandomForest,default,1,1333333,sklearn,,232.1
0.9979,0.9979,0.9955,0.9979,0.9967,cicids2017,binary,RandomForest,balanced_resample,1,1333333,sklearn,,191.8
0.9312,0.8867,0.894,0.8867,0.8903,cicids2017,binary,SVM,default,1,50000,sklearn,False,730.3
0.8724,0.9097,0.8013,0.9097,0.8322,cicids2017,binary,SVM,balanced_resample,1,50000,sklearn,False,775.5
0.9882,0.9815,0.9812,0.9815,0.9814,cicids2017,binary,MLP,default,1,1333333,sklearn,True,82.3
0.9856,0.989,0.9675,0.989,0.9778,cicids2017,binary,MLP,weighted_loss,1,1333333,sklearn,True,89.1
0.9981,0.9967,0.9974,0.9967,0.9971,cicids2017,binary,RandomForest,default,2,1333333,sklearn,,212.1
0.9981,0.9981,0.9958,0.9981,0.997,cicids2017,binary,RandomForest,balanced_resample,2,1333333,sklearn,,156.8
0.9293,0.8848,0.8902,0.8848,0.8875,cicids2017,binary,SVM,default,2,50000,sklearn,False,632.9
0.6775,0.7883,0.6825,0.7883,0.6468,cicids2017,binary,SVM,balanced_resample,2,50000,sklearn,False,658.4
0.9784,0.9693,0.963,0.9693,0.9661,cicids2017,binary,MLP,default,2,1333333,sklearn,True,50.8
0.9664,0.9741,0.9296,0.9741,0.9496,cicids2017,binary,MLP,weighted_loss,2,1333333,sklearn,True,31.6
0.9983,0.9971,0.9975,0.9971,0.9973,cicids2017,binary,RandomForest,default,3,1333334,sklearn,,218.8
0.9977,0.9978,0.9949,0.9978,0.9964,cicids2017,binary,RandomForest,balanced_resample,3,1333334,sklearn,,183.8
0.9317,0.8863,0.8954,0.8863,0.8907,cicids2017,binary,SVM,default,3,50000,sklearn,False,557.5
0.8667,0.9065,0.7959,0.9065,0.826,cicids2017,binary,SVM,balanced_resample,3,50000,sklearn,False,466.7
0.9927,0.99,0.987,0.99,0.9885,cicids2017,binary,MLP,default,3,1333334,sklearn,True,103.8
0.9687,0.9764,0.9336,0.9764,0.9529,cicids2017,binary,MLP,weighted_loss,3,1333334,sklearn,True,44.6
0.9974,0.8093,0.8548,0.8093,0.8275,cicids2017,multi,RandomForest,default,1,1333333,sklearn,,232.6
0.9876,0.9007,0.7633,0.9007,0.79,cicids2017,multi,RandomForest,balanced_resample,1,1333333,sklearn,,174.4
0.932,0.3477,0.4182,0.3477,0.3716,cicids2017,multi,SVM,default,1,50000,sklearn,True,483.2
0.6975,0.6006,0.2422,0.6006,0.2889,cicids2017,multi,SVM,balanced_resample,1,50000,sklearn,True,1423.9
0.9932,0.6881,0.8585,0.6881,0.7059,cicids2017,multi,MLP,default,1,1333333,sklearn,True,104.9
0.6444,0.7994,0.2671,0.7994,0.3096,cicids2017,multi,MLP,weighted_loss,1,1333333,sklearn,True,6.3
0.9966,0.7525,0.8566,0.7525,0.7833,cicids2017,multi,RandomForest,default,2,1333333,sklearn,,199.6
0.9876,0.844,0.814,0.844,0.7936,cicids2017,multi,RandomForest,balanced_resample,2,1333333,sklearn,,171.0
0.9319,0.3518,0.4207,0.3518,0.3755,cicids2017,multi,SVM,default,2,50000,sklearn,True,492.1
0.6816,0.6153,0.3153,0.6153,0.2903,cicids2017,multi,SVM,balanced_resample,2,50000,sklearn,True,1526.9
0.9913,0.6403,0.8832,0.6403,0.683,cicids2017,multi,MLP,default,2,1333333,sklearn,True,103.4
0.805,0.8139,0.3467,0.8139,0.4058,cicids2017,multi,MLP,weighted_loss,2,1333333,sklearn,True,15.5
0.9976,0.7783,0.8583,0.7783,0.8002,cicids2017,multi,RandomForest,default,3,1333334,sklearn,,208.5
0.9886,0.8555,0.7652,0.8555,0.7648,cicids2017,multi,RandomForest,balanced_resample,3,1333334,sklearn,,179.2
0.9326,0.3522,0.4212,0.3522,0.3764,cicids2017,multi,SVM,default,3,50000,sklearn,True,488.3
0.7072,0.6149,0.2515,0.6149,0.3003,cicids2017,multi,SVM,balanced_resample,3,50000,sklearn,True,1573.4
0.9928,0.6829,0.8746,0.6829,0.7089,cicids2017,multi,MLP,default,3,1333334,sklearn,True,118.4
0.7228,0.7941,0.2784,0.7941,0.3242,cicids2017,multi,MLP,weighted_loss,3,1333334,sklearn,True,9.5
