accuracy,balanced_accuracy,precision_macro,recall_macro,f1_macro,dataset,model,config,n_train,fold,backend,converged,fit_seconds
0.9844,0.9796,0.9717,0.9796,0.9756,cicids2017,kNN,k5,50000,1,cuml,,6.5
0.9857,0.9808,0.9744,0.9808,0.9775,cicids2017,kNN,k5,100000,1,cuml,,7.7
0.9865,0.9818,0.9757,0.9818,0.9787,cicids2017,kNN,k5,200000,1,cuml,,15.6
0.8644,0.8022,0.784,0.8022,0.7924,cicids2017,SVM,rbf_maxiter5000,50000,1,cuml,False,2.6
0.873,0.768,0.8086,0.768,0.7855,cicids2017,SVM,rbf_maxiter5000_100k,100000,1,cuml,False,1.4
0.9335,0.8796,0.9052,0.8796,0.8916,cicids2017,SVM,rbf_maxiter50000,50000,1,cuml,True,2.1
0.9367,0.8899,0.9064,0.8899,0.8978,cicids2017,SVM,rbf_maxiter50000_100k,100000,1,cuml,True,4.0
0.8804,0.7608,0.8335,0.7608,0.7888,cicids2017,LinearSVC,linear,50000,1,cuml,True,0.5
0.8889,0.7744,0.8504,0.7744,0.8039,cicids2017,LinearSVC,linear,200000,1,cuml,True,0.2
0.8851,0.768,0.8433,0.768,0.7971,cicids2017,LinearSVC,linear,1333333,1,cuml,True,0.8
0.9767,0.962,0.9642,0.962,0.9631,cicids2017,kNN,k5,50000,2,cuml,,4.0
0.9778,0.9637,0.9661,0.9637,0.9649,cicids2017,kNN,k5,100000,2,cuml,,8.1
0.9787,0.9648,0.9677,0.9648,0.9662,cicids2017,kNN,k5,200000,2,cuml,,16.1
0.8498,0.8141,0.7644,0.8141,0.7838,cicids2017,SVM,rbf_maxiter5000,50000,2,cuml,False,1.4
0.8417,0.7277,0.7507,0.7277,0.738,cicids2017,SVM,rbf_maxiter5000_100k,100000,2,cuml,False,1.7
0.9351,0.8864,0.9046,0.8864,0.8951,cicids2017,SVM,rbf_maxiter50000,50000,2,cuml,True,2.2
0.8831,0.7684,0.8365,0.7684,0.7953,cicids2017,LinearSVC,linear,50000,2,cuml,True,0.1
0.8758,0.7089,0.8737,0.7089,0.753,cicids2017,LinearSVC,linear,200000,2,cuml,True,0.1
0.8826,0.7617,0.8398,0.7617,0.7914,cicids2017,LinearSVC,linear,1333333,2,cuml,True,0.5
0.9814,0.9718,0.9694,0.9718,0.9706,cicids2017,kNN,k5,50000,3,cuml,,4.4
0.9825,0.9735,0.9714,0.9735,0.9724,cicids2017,kNN,k5,100000,3,cuml,,8.6
0.983,0.9743,0.9721,0.9743,0.9732,cicids2017,kNN,k5,200000,3,cuml,,17.2
0.8636,0.783,0.7847,0.783,0.7838,cicids2017,SVM,rbf_maxiter5000,50000,3,cuml,False,1.5
0.8868,0.7838,0.8373,0.7838,0.8061,cicids2017,SVM,rbf_maxiter5000_100k,100000,3,cuml,False,1.6
0.936,0.8872,0.9066,0.8872,0.8965,cicids2017,SVM,rbf_maxiter50000,50000,3,cuml,True,2.2
0.8797,0.7604,0.8316,0.7604,0.788,cicids2017,LinearSVC,linear,50000,3,cuml,True,0.1
0.8817,0.7613,0.8373,0.7613,0.7904,cicids2017,LinearSVC,linear,200000,3,cuml,True,0.1
0.8832,0.7175,0.9008,0.7175,0.7656,cicids2017,LinearSVC,linear,1333334,3,cuml,True,0.5
0.9884,0.9776,0.9702,0.9776,0.9739,unsw_nb15,kNN,k5,50000,1,cuml,,2.9
0.9886,0.9764,0.9723,0.9764,0.9743,unsw_nb15,kNN,k5,100000,1,cuml,,5.3
0.9892,0.9766,0.9747,0.9766,0.9756,unsw_nb15,kNN,k5,200000,1,cuml,,10.3
0.9877,0.992,0.9564,0.992,0.9732,unsw_nb15,SVM,rbf_maxiter5000,50000,1,cuml,True,0.4
0.988,0.9912,0.9582,0.9912,0.9739,unsw_nb15,SVM,rbf_maxiter5000_100k,100000,1,cuml,True,0.7
0.9877,0.992,0.9564,0.992,0.9732,unsw_nb15,SVM,rbf_maxiter50000,50000,1,cuml,True,0.4
0.988,0.9912,0.9582,0.9912,0.9739,unsw_nb15,SVM,rbf_maxiter50000_100k,100000,1,cuml,True,0.7
0.986,0.9848,0.9553,0.9848,0.9694,unsw_nb15,LinearSVC,linear,50000,1,cuml,True,0.1
0.986,0.9822,0.9572,0.9822,0.9692,unsw_nb15,LinearSVC,linear,200000,1,cuml,True,0.1
0.9859,0.9831,0.9562,0.9831,0.9691,unsw_nb15,LinearSVC,linear,1333333,1,cuml,True,0.2
0.988,0.9747,0.9711,0.9747,0.9729,unsw_nb15,kNN,k5,50000,2,cuml,,2.7
0.9885,0.9758,0.9725,0.9758,0.9741,unsw_nb15,kNN,k5,100000,2,cuml,,5.3
0.9891,0.9764,0.9743,0.9764,0.9753,unsw_nb15,kNN,k5,200000,2,cuml,,10.4
0.9876,0.9919,0.9562,0.9919,0.9731,unsw_nb15,SVM,rbf_maxiter5000,50000,2,cuml,True,0.4
0.988,0.9914,0.9578,0.9914,0.9737,unsw_nb15,SVM,rbf_maxiter5000_100k,100000,2,cuml,True,0.7
0.9876,0.9919,0.9562,0.9919,0.9731,unsw_nb15,SVM,rbf_maxiter50000,50000,2,cuml,True,0.4
0.9857,0.982,0.9562,0.982,0.9686,unsw_nb15,LinearSVC,linear,50000,2,cuml,True,0.1
0.9861,0.983,0.9569,0.983,0.9694,unsw_nb15,LinearSVC,linear,200000,2,cuml,True,0.1
0.986,0.9822,0.957,0.9822,0.9691,unsw_nb15,LinearSVC,linear,1333333,2,cuml,True,0.2
0.9878,0.973,0.9717,0.973,0.9724,unsw_nb15,kNN,k5,50000,3,cuml,,2.6
0.9884,0.9748,0.9728,0.9748,0.9738,unsw_nb15,kNN,k5,100000,3,cuml,,5.3
0.9889,0.9748,0.9751,0.9748,0.9749,unsw_nb15,kNN,k5,200000,3,cuml,,10.3
0.9877,0.9902,0.9576,0.9902,0.9731,unsw_nb15,SVM,rbf_maxiter5000,50000,3,cuml,True,0.4
0.9877,0.9894,0.9585,0.9894,0.9732,unsw_nb15,SVM,rbf_maxiter5000_100k,100000,3,cuml,True,0.7
0.9877,0.9902,0.9576,0.9902,0.9731,unsw_nb15,SVM,rbf_maxiter50000,50000,3,cuml,True,0.4
0.9856,0.9825,0.9553,0.9825,0.9683,unsw_nb15,LinearSVC,linear,50000,3,cuml,True,0.1
0.9857,0.9817,0.9564,0.9817,0.9686,unsw_nb15,LinearSVC,linear,200000,3,cuml,True,0.1
0.986,0.9831,0.9563,0.9831,0.9692,unsw_nb15,LinearSVC,linear,1333334,3,cuml,True,0.2
