dataset,task,model,trial,lr,batch,dropout,weight_decay,width,depth,f1_macro,balanced_accuracy,epochs,seconds,hidden,layers
ton_iot,multi,CNN1D,0,0.0004332296801195,256,0.2,0.0002183096839052,32.0,4.0,0.5899,0.6988,9,36.8,,
ton_iot,multi,CNN1D,1,0.0005726848309584,1024,0.2,2.386418878005603e-05,32.0,4.0,0.5488,0.6637,9,14.7,,
ton_iot,multi,CNN1D,2,0.0001083911041389,512,0.3,0.0006541210527692,64.0,2.0,0.5344,0.6442,25,34.9,,
ton_iot,multi,CNN1D,3,0.0011212915939563,512,0.5,1.9762189340280072e-05,32.0,4.0,0.5996,0.7089,19,42.8,,
ton_iot,multi,CNN1D,4,0.0010968567722519,512,0.3,0.000834193029414,128.0,3.0,0.4275,0.544,6,19.1,,
ton_iot,multi,CNN1D,5,0.0001425709156083,512,0.2,1.4040609919104426e-05,32.0,4.0,0.6056,0.7075,25,66.4,,
ton_iot,multi,CNN1D,6,0.0028966677986872,1024,0.5,2.2464551680532603e-05,64.0,2.0,0.4426,0.577,11,9.0,,
ton_iot,multi,CNN1D,7,0.00438101213592,512,0.1,8.20051840224583e-06,32.0,3.0,0.5312,0.6489,11,19.0,,
ton_iot,multi,CNN1D,8,0.001456116573627,1024,0.3,2.32335035153901e-06,32.0,4.0,0.5663,0.6676,10,14.8,,
ton_iot,multi,CNN1D,9,0.0001971151073915,256,0.3,3.521342459487091e-06,64.0,3.0,0.581,0.6897,12,43.0,,
ton_iot,multi,CNN1D,10,0.0007658004831331,512,0.3,3.5856126103453987e-06,128.0,3.0,0.5479,0.6582,11,36.1,,
ton_iot,multi,CNN1D,11,0.0020783840444891,512,0.1,0.0004835952776465,64.0,4.0,0.4957,0.5928,9,32.7,,
ton_iot,multi,CNN1D,12,0.0036913582804762,2048,0.3,1.3667272915456224e-06,32.0,2.0,0.2404,0.3757,7,3.9,,
ton_iot,multi,CNN1D,13,0.0002892633116977,256,0.1,0.0007866216981266,32.0,2.0,0.535,0.6501,25,91.4,,
ton_iot,multi,CNN1D,14,0.0003189076664588,256,0.0,1.1140616389973703e-06,32.0,2.0,0.5413,0.6555,25,97.5,,
ton_iot,multi,CNN1D,15,0.000217679062626,2048,0.2,3.949364447222329e-06,128.0,4.0,0.5195,0.6296,7,107.0,,
ton_iot,multi,CNN1D,16,0.0020471967780231,256,0.1,1.1895896737553554e-05,32.0,4.0,0.3473,0.432,7,34.6,,
ton_iot,multi,CNN1D,17,0.002786541928918,2048,0.1,1.9329933033819648e-06,128.0,4.0,0.4714,0.5942,6,64.4,,
ton_iot,multi,CNN1D,18,0.0013709768754863,256,0.2,5.941462537454564e-05,64.0,4.0,0.4832,0.598,13,66.4,,
ton_iot,multi,CNN1D,19,0.0008997333611268,1024,0.5,0.0008225007188121,128.0,2.0,0.5414,0.6532,25,41.4,,
ton_iot,multi,BiLSTM,0,0.0004332296801195,256,0.2,0.0002183096839052,,,0.4895,0.5725,25,175.4,32.0,3.0
ton_iot,multi,BiLSTM,1,0.0005726848309584,1024,0.2,2.386418878005603e-05,,,0.3357,0.4932,25,43.2,32.0,3.0
ton_iot,multi,BiLSTM,2,0.0001083911041389,512,0.3,0.0006541210527692,,,0.118,0.2345,25,50.3,64.0,1.0
ton_iot,multi,BiLSTM,3,0.0011212915939563,512,0.5,1.9762189340280072e-05,,,0.4553,0.5803,25,83.1,32.0,3.0
ton_iot,multi,BiLSTM,4,0.0010968567722519,512,0.3,0.000834193029414,,,0.5199,0.6552,25,112.8,128.0,2.0
ton_iot,multi,BiLSTM,5,0.0001425709156083,512,0.2,1.4040609919104426e-05,,,0.0173,0.1,8,24.5,32.0,3.0
ton_iot,multi,BiLSTM,6,0.0028966677986872,1024,0.5,2.2464551680532603e-05,,,0.0188,0.1007,16,16.8,64.0,1.0
ton_iot,multi,BiLSTM,7,0.00438101213592,512,0.1,8.20051840224583e-06,,,0.566,0.6816,25,60.0,32.0,2.0
ton_iot,multi,BiLSTM,8,0.001456116573627,1024,0.3,2.32335035153901e-06,,,0.0802,0.1515,14,24.5,32.0,3.0
ton_iot,multi,BiLSTM,9,0.0001971151073915,256,0.3,3.521342459487091e-06,,,0.1481,0.25,25,113.4,64.0,2.0
ton_iot,multi,BiLSTM,10,0.0007658004831331,512,0.3,3.5856126103453987e-06,,,0.5542,0.6745,25,90.5,128.0,2.0
ton_iot,multi,BiLSTM,11,0.0020783840444891,512,0.1,0.0004835952776465,,,0.5609,0.6788,25,83.8,64.0,3.0
ton_iot,multi,BiLSTM,12,0.0036913582804762,2048,0.3,1.3667272915456224e-06,,,0.2923,0.4518,9,5.4,32.0,1.0
ton_iot,multi,BiLSTM,13,0.0002892633116977,256,0.1,0.0007866216981266,,,0.4076,0.5532,25,101.4,32.0,1.0
ton_iot,multi,BiLSTM,14,0.0003189076664588,256,0.0,1.1140616389973703e-06,,,0.4862,0.606,25,85.0,32.0,1.0
ton_iot,multi,BiLSTM,15,0.000217679062626,2048,0.2,3.949364447222329e-06,,,0.025,0.1793,12,981.4,128.0,3.0
ton_iot,multi,BiLSTM,16,0.0020471967780231,256,0.1,1.1895896737553554e-05,,,0.5587,0.6774,20,146.0,32.0,3.0
ton_iot,multi,BiLSTM,17,0.002786541928918,2048,0.1,1.9329933033819648e-06,,,0.0233,0.1498,7,233.5,128.0,3.0
ton_iot,multi,BiLSTM,18,0.0013709768754863,256,0.2,5.941462537454564e-05,,,0.4724,0.5914,25,175.3,64.0,3.0
ton_iot,multi,BiLSTM,19,0.0008997333611268,1024,0.5,0.0008225007188121,,,0.0383,0.1,7,11.2,128.0,1.0
unsw_nb15,multi,CNN1D,0,0.0004332296801195,256,0.2,0.0002183096839052,32.0,4.0,0.4464,0.6258,25,175.4,,
unsw_nb15,multi,CNN1D,1,0.0005726848309584,1024,0.2,2.386418878005603e-05,32.0,4.0,0.454,0.6157,25,72.4,,
unsw_nb15,multi,CNN1D,2,0.0001083911041389,512,0.3,0.0006541210527692,64.0,2.0,0.3859,0.4764,25,64.8,,
unsw_nb15,multi,CNN1D,3,0.0011212915939563,512,0.5,1.9762189340280072e-05,32.0,4.0,0.4217,0.5862,17,67.5,,
unsw_nb15,multi,CNN1D,4,0.0010968567722519,512,0.3,0.000834193029414,128.0,3.0,0.4257,0.6162,25,146.7,,
unsw_nb15,multi,CNN1D,5,0.0001425709156083,512,0.2,1.4040609919104426e-05,32.0,4.0,0.4156,0.5809,17,68.5,,
unsw_nb15,multi,CNN1D,6,0.0028966677986872,1024,0.5,2.2464551680532603e-05,64.0,2.0,0.355,0.5469,25,36.6,,
unsw_nb15,multi,CNN1D,7,0.00438101213592,512,0.1,8.20051840224583e-06,32.0,3.0,0.431,0.625,25,76.1,,
unsw_nb15,multi,CNN1D,8,0.001456116573627,1024,0.3,2.32335035153901e-06,32.0,4.0,0.4364,0.6126,25,72.2,,
unsw_nb15,multi,CNN1D,9,0.0001971151073915,256,0.3,3.521342459487091e-06,64.0,3.0,0.464,0.6091,25,152.1,,
unsw_nb15,multi,CNN1D,10,0.0007658004831331,512,0.3,3.5856126103453987e-06,128.0,3.0,0.4062,0.5899,25,146.2,,
unsw_nb15,multi,CNN1D,11,0.0020783840444891,512,0.1,0.0004835952776465,64.0,4.0,0.4625,0.6435,25,162.6,,
unsw_nb15,multi,CNN1D,12,0.0036913582804762,2048,0.3,1.3667272915456224e-06,32.0,2.0,0.3498,0.5611,25,20.9,,
unsw_nb15,multi,CNN1D,13,0.0002892633116977,256,0.1,0.0007866216981266,32.0,2.0,0.3908,0.4815,24,82.7,,
unsw_nb15,multi,CNN1D,14,0.0003189076664588,256,0.0,1.1140616389973703e-06,32.0,2.0,0.3997,0.4785,25,93.4,,
unsw_nb15,multi,CNN1D,15,0.000217679062626,2048,0.2,3.949364447222329e-06,128.0,4.0,0.4329,0.6053,25,1651.1,,
unsw_nb15,multi,CNN1D,16,0.0020471967780231,256,0.1,1.1895896737553554e-05,32.0,4.0,0.4692,0.6352,21,102.8,,
unsw_nb15,multi,CNN1D,17,0.002786541928918,2048,0.1,1.9329933033819648e-06,128.0,4.0,0.4056,0.6216,25,439.3,,
unsw_nb15,multi,CNN1D,18,0.0013709768754863,256,0.2,5.941462537454564e-05,64.0,4.0,0.4725,0.6431,25,167.3,,
unsw_nb15,multi,CNN1D,19,0.0008997333611268,1024,0.5,0.0008225007188121,128.0,2.0,0.3566,0.5451,25,50.2,,
unsw_nb15,multi,BiLSTM,0,0.0004332296801195,256,0.2,0.0002183096839052,,,0.3888,0.5213,25,279.0,32.0,3.0
unsw_nb15,multi,BiLSTM,1,0.0005726848309584,1024,0.2,2.386418878005603e-05,,,0.2993,0.5222,25,75.9,32.0,3.0
unsw_nb15,multi,BiLSTM,2,0.0001083911041389,512,0.3,0.0006541210527692,,,0.3556,0.4793,25,87.1,64.0,1.0
unsw_nb15,multi,BiLSTM,3,0.0011212915939563,512,0.5,1.9762189340280072e-05,,,0.3499,0.424,25,144.4,32.0,3.0
unsw_nb15,multi,BiLSTM,4,0.0010968567722519,512,0.3,0.000834193029414,,,0.4017,0.5552,25,1053.7,128.0,2.0
unsw_nb15,multi,BiLSTM,5,0.0001425709156083,512,0.2,1.4040609919104426e-05,,,0.335,0.4026,25,147.3,32.0,3.0
unsw_nb15,multi,BiLSTM,6,0.0028966677986872,1024,0.5,2.2464551680532603e-05,,,0.3441,0.515,25,50.3,64.0,1.0
unsw_nb15,multi,BiLSTM,7,0.00438101213592,512,0.1,8.20051840224583e-06,,,0.3937,0.5337,25,117.2,32.0,2.0
unsw_nb15,multi,BiLSTM,8,0.001456116573627,1024,0.3,2.32335035153901e-06,,,0.3339,0.5336,25,77.3,32.0,3.0
unsw_nb15,multi,BiLSTM,9,0.0001971151073915,256,0.3,3.521342459487091e-06,,,0.3716,0.4742,25,236.3,64.0,2.0
unsw_nb15,multi,BiLSTM,10,0.0007658004831331,512,0.3,3.5856126103453987e-06,,,0.395,0.5439,25,1047.8,128.0,2.0
unsw_nb15,multi,BiLSTM,11,0.0020783840444891,512,0.1,0.0004835952776465,,,0.3995,0.587,21,133.8,64.0,3.0
unsw_nb15,multi,BiLSTM,12,0.0036913582804762,2048,0.3,1.3667272915456224e-06,,,0.3598,0.5719,25,24.7,32.0,1.0
unsw_nb15,multi,BiLSTM,13,0.0002892633116977,256,0.1,0.0007866216981266,,,0.3691,0.516,25,167.6,32.0,1.0
unsw_nb15,multi,BiLSTM,14,0.0003189076664588,256,0.0,1.1140616389973703e-06,,,0.3837,0.5004,25,167.7,32.0,1.0
unsw_nb15,multi,BiLSTM,15,0.000217679062626,2048,0.2,3.949364447222329e-06,,,0.3263,0.4944,25,267.4,128.0,3.0
unsw_nb15,multi,BiLSTM,16,0.0020471967780231,256,0.1,1.1895896737553554e-05,,,0.4428,0.5922,25,291.5,32.0,3.0
unsw_nb15,multi,BiLSTM,17,0.002786541928918,2048,0.1,1.9329933033819648e-06,,,0.3577,0.5491,25,262.4,128.0,3.0
unsw_nb15,multi,BiLSTM,18,0.0013709768754863,256,0.2,5.941462537454564e-05,,,0.4187,0.4947,23,272.0,64.0,3.0
unsw_nb15,multi,BiLSTM,19,0.0008997333611268167,1024,0.5,0.000822500718812138,,,0.3436,0.5126,25,375.9,128.0,1.0
