,BENIGN,Bot,DDoS,DoS GoldenEye,DoS Hulk,DoS Slowhttptest,DoS slowloris,FTP-Patator,Heartbleed,Infiltration,PortScan,SSH-Patator,Web Attack - Brute Force,Web Attack - SQL Injection,Web Attack - XSS
flow_duration,0.05153447762131691,0.3092095375061035,0.14479967653751374,0.14342311918735504,0.11978923082351685,0.49930644035339355,0.4446683004498482,0.25989341735839844,0.15283460170030594,0.2901983916759491,0.25699862241745,0.17514787912368773,0.10476600229740143,0.24888370037078858,0.08777643293142319
total_fwd_packets,0.03780529871582985,0.005780170112848282,0.08935877531766892,0.0304727703332901,0.37557133436203005,0.03718546777963638,0.0480905931442976,0.012545558344572782,0.9721058487892151,0.02332975943572819,0.11080904603004456,0.12496792823076248,0.09877359978854656,0.0006348106078803539,0.011248356103897095
total_backward_packets,0.08621141910552979,0.04635535031557083,0.41346660256385803,0.05924683883786201,0.20836774110794068,0.1196999043226242,0.040739606320858004,1.8790374755859376,0.9505239248275756,0.2497202441096306,0.028739694878458975,0.0921751044690609,0.017986535746604203,0.059246450662612915,0.007885756716132165
total_length_of_fwd_packets,0.15928771942853928,0.033505840413272384,0.47855578660964965,0.04020376345142722,0.01831647753715515,0.06760590597987175,0.05008203238248825,0.29897509813308715,0.7184935808181763,0.45978863835334777,1.025800359249115,0.03446007836610079,0.01940438449382782,0.009684550762176513,0.01360644930973649
total_length_of_bwd_packets,0.2100246876478195,0.23241057097911835,0.7564504384994507,0.28813896924257276,0.23300063610076904,0.030470648035407066,0.09108809605240822,0.27192448675632475,0.11341970860958099,0.10750546976923943,0.003685253346338868,2.231879949569702,0.022860342264175416,0.03431487511843443,0.015546125918626785
fwd_packet_length_max,0.37495664358139036,0.027954971045255662,1.1787060499191284,0.05481065697968006,0.03415085636079311,0.13791283071041108,0.5662519097328186,0.07602817416191102,0.5460501909255981,0.6624697327613831,0.04597453270107508,0.6185591399669648,0.07801281362771988,0.3077145993709564,0.022173338942229746
fwd_packet_length_min,0.011625172384083272,0.00036593418335542085,0.01981683112680912,0.027668318152427672,0.11884561777114869,0.3746384620666504,0.0891138643026352,0.006140430364757777,0.0,0.04719743728637695,0.0109705850481987,0.04053456000983715,0.0008518366263160715,0.005897799879312516,0.0
fwd_packet_length_mean,0.08712637424468994,0.02137570045888424,0.5296615064144135,0.04361070953309536,0.049391564726829526,0.9452112674713135,0.16978835165500641,0.010656558815389872,0.05883763134479523,0.70797780752182,0.144127057492733,0.09497797079384326,0.04488336853682995,0.11693594455718995,0.018687515147030355
fwd_packet_length_std,0.03041953593492508,0.07145136222243309,0.07360582947731018,0.09221537709236145,0.04717036858201027,0.30776600241661073,0.12305261790752411,0.1401490017771721,0.006376342568546534,0.7102787315845489,0.0006615896214498207,0.2158936083316803,0.048672832921147345,0.7334422469139099,0.013333742506802082
bwd_packet_length_max,0.014825869724154473,1.1360710382461547,0.00581620535813272,0.03399257780984044,0.026850789599120618,0.5321550309658051,0.10707599520683289,0.015706777479499577,0.3639340728521347,0.05829754592850804,0.00019501805145409888,0.09661322087049484,0.011344705335795879,0.07830833420157432,0.012065562163479626
bwd_packet_length_min,0.1329813063144684,0.16038293540477752,0.004992883652448654,0.0016207273118197918,0.017038059420883656,0.02076545264571905,0.05439273416996002,0.01155749000608921,0.0,0.02565527129918337,0.008253697073087096,0.16799723207950593,0.0023012406891211867,0.0,3.43712861649692e-05
bwd_packet_length_mean,0.14602340757846832,0.14981599897146225,0.7999540567398071,0.1904187560081482,0.2140115827322006,0.03394702635705471,0.9498313665390015,0.0029496756847947835,0.6774077594280243,1.124136570096016,0.0011116916546598076,0.04209171393886209,0.03094121478497982,0.16625018566846847,0.028929460048675536
bwd_packet_length_std,0.27527775764465334,0.12290458679199219,0.02171180583536625,0.508468621969223,0.4082711398601532,0.07943665087223054,0.025317101925611495,0.00865810478644562,0.2943680055439472,0.03131837071850896,0.0008320587978232652,0.02826116429641843,0.06004617512226105,0.1632286138832569,0.0030109072104096413
flow_bytes/s,0.041314078867435454,0.798986554145813,0.08868352621793747,0.026267919316887857,0.04561225697398186,0.023726776242256165,0.10734809041023255,0.3447555512189865,0.14090545773506163,0.2423143655061722,0.3265181422233582,0.1262065589427948,0.08256685733795166,0.6512591004371643,0.008231420954689383
flow_packets/s,0.011894926987588405,0.08377776369452476,0.02102962527424097,0.8023239374160767,0.11696775704622268,0.0303934745490551,0.03751030340790749,0.11031645238399505,0.0,0.012573496298864483,0.06376021951436997,0.11077023148536683,0.031455294042825696,0.12861642241477966,0.019632821064442398
flow_iat_mean,0.03924585804343224,0.10626073479652405,0.046850652992725374,0.40220644474029543,0.18225145637989043,0.6823342561721801,0.21183426380157472,0.0931033119559288,0.0,0.1323921985924244,0.11748687326908111,0.2305793583393097,0.09026817679405212,0.6491473019123077,0.06845075190067292
flow_iat_std,0.017316851206123828,0.05245456248521805,0.28197343945503234,0.06244399473071098,0.06284884661436081,0.3022810101509094,1.5851690769195557,0.0669375129044056,0.0,0.39041479825973513,0.00983825153671205,0.028963594511151314,0.1325347863137722,0.14776283428072928,0.07203285247087479
flow_iat_max,0.042607398703694344,1.1065019845962525,0.21230826377868653,0.12139376103878022,0.11191150695085525,0.0416210550814867,0.3096094436943531,0.1182190164923668,0.0,0.1927810251712799,0.05116181522607803,0.1161989688873291,0.10713030397891998,0.07825425863265992,0.11500436067581177
flow_iat_min,0.1490400403738022,0.5308897793292999,0.04955588057637215,0.862247109413147,0.35528174638748167,0.8741372436285019,1.4859250783920288,0.43631795048713684,0.0,0.2902750067412853,0.2438380479812622,0.22141918838024138,2.834880256652832,0.5358983010053635,1.9503795385360718
fwd_iat_total,0.049289552867412566,0.015566148608922959,0.11312626227736473,0.07920495942234992,0.17343580424785615,0.21974823772907257,0.0862170934677124,0.16374918296933175,0.07543815523386002,0.10278573334217071,0.011760087520815431,0.0612586323171854,0.08239735141396523,0.10620130896568299,0.12091443389654159
fwd_iat_mean,0.048685920983552934,0.029329807683825492,0.039419886842370036,0.3593269646167755,0.09663576483726502,0.27564253807067873,0.08433242291212081,0.2840247392654419,0.0,0.16574701964855193,0.0038792498875409366,0.1423591136932373,0.0682170107960701,0.14679889678955077,0.049417422711849214
fwd_iat_std,0.030412622541189194,0.12632885873317717,0.425997918844223,0.1047134056687355,0.4894567787647247,0.030256174504756927,0.08238979578018188,0.12929524965584277,0.0,0.1843797117471695,0.013972661644220351,0.06636729910969734,0.1437870278954506,0.023675023345276713,0.20476224422454833
fwd_iat_max,0.03844049237668514,0.7374136686325073,0.05672241672873497,0.24266239106655121,0.0564364492893219,0.017294562049210073,0.08426412120461464,0.12467647045850754,0.0,0.04136962816119194,0.005809436226263643,0.14082808494567872,0.10282863229513169,0.02770014307461679,0.08600238338112831
fwd_iat_min,0.10835062116384506,0.18412161022424697,0.10459939241409302,0.2674694895744324,0.09771762490272522,0.4023535788059235,0.59936164021492,0.6834408283233643,0.0,0.48270767331123354,0.024586131051182746,0.22813881784677506,0.8023873090744018,0.6716356396675109,2.016191565990448
bwd_iat_total,0.019723105058073998,0.0945291981101036,0.01527760848402977,0.08000351432710887,0.009216402657330036,0.015557969361543656,0.07675012052059174,0.010812183632515371,0.09706180281937123,0.034215341322124004,0.001550435123499483,0.009420805145055056,0.03407398909330368,0.02291844638530165,0.003287281363736838
bwd_iat_mean,0.012627441994845867,0.1211959108710289,0.014509555324912072,0.5089375078678131,0.00645860368385911,0.04276935122907162,0.052253717184066774,0.016580537427216768,0.0,0.028530613519251347,0.0032979586627334355,0.010342496726661921,0.0038975365459918976,0.005337719270028174,0.009971583634614945
bwd_iat_std,0.00960975605994463,0.4886624217033386,0.0018796770018525422,0.21992247104644774,0.01023919964209199,0.5408708546310663,0.053868965804576875,0.28417294323444364,0.0,0.05665177218616009,0.0009111962281167507,0.021036206698045134,0.03203805610537529,0.061354372464120385,0.010667610354721547
bwd_iat_max,0.01630896460264921,0.05050345435738564,0.00899750916287303,0.2914215445518494,0.003950312756933272,0.11324542397633194,0.0363277830183506,0.05030928552150726,0.0,0.2793545663356781,0.0019413020694628359,0.018843205645680428,0.003814935532864183,0.04923869976773858,0.004484335845336318
bwd_iat_min,0.01666829697787762,1.3545116424560546,0.02245010230690241,0.02058984376490116,0.005812012357637286,0.10795095264911651,1.635560727119446,0.025985760800540447,0.0,0.43304434418678284,0.025351770222187042,0.09314437434077263,0.06007468774914741,0.3354077935218811,0.014012152515351772
fwd_psh_flags,0.0062784296460449696,0.0,0.0,0.0,0.00632947999984026,0.051045017689466475,1.4023118257522582,3.428331661224365,0.0,0.08570249043405057,0.0,0.017796969413757323,0.0,0.0,0.0
bwd_psh_flags,0.0,0.0,0.0,0.0,0.0,0.0,0.0,0.0,0.0,0.0,0.0,0.0,0.0,0.0,0.0
fwd_urg_flags,0.0,0.0,0.0,0.0,1.3155196938896552e-05,0.0,0.0,0.0,0.0,0.0,0.0,0.0,0.0,0.0,0.0
bwd_urg_flags,0.0,0.0,0.0,0.0,0.0,0.0,0.0,0.0,0.0,0.0,0.0,0.0,0.0,0.0,0.0
fwd_header_length,0.0005657822723151185,0.0,0.0,0.0033408354967832564,0.00024490554351359607,0.000721827894449234,0.0016920767724514008,0.0007900872267782688,0.18557176291942595,0.014567906595766544,0.0,0.000141150935087353,0.13322145491838455,0.0,0.01763843707740307
bwd_header_length,0.11308957636356354,0.02254456579685211,0.00519102627877146,0.003886548022273928,0.02677907682955265,0.011436158698052168,0.014748705178499221,0.7392215490341186,0.43716780841350555,0.00413294667378068,0.0009469818673096597,2.468309450149536,0.008785785222426058,0.0008539237082004547,0.00283069780562073
fwd_packets/s,0.02476596236228943,0.07554804012179375,0.13161472529172896,0.25014657974243165,0.21120100915431977,0.3266451179981232,0.24995376989245416,0.12907615900039673,0.0,0.15270618498325347,0.11756949573755264,0.32950830161571504,0.07112784162163735,0.2150202587246895,0.06038234084844589
bwd_packets/s,0.048688121140003204,0.06349089965224267,0.05407326892018318,0.12785281166434287,0.6721351385116577,0.9397882871329785,0.12081101834774018,0.6954311490058899,0.007981186360120773,0.24045975804328917,2.033223009109497,0.37773621678352354,0.19737913608551025,0.6917620480060578,0.08982319310307503
min_packet_length,0.035110336355865,0.0033921874826774003,0.04959218129515648,0.0025463748490437864,0.07617011964321137,0.03598223030567169,0.056126230582594874,0.09769341051578521,0.0,0.6940820813179016,0.0017439342744182795,0.013489901809953153,0.001955458614975214,0.0,0.0
max_packet_length,0.10563825815916061,0.007384834252297879,0.0038166535552591084,0.08667051792144775,0.0268840990960598,0.185150808095932,0.23891952335834504,2.04368941783905,0.2893535107374191,0.1953664094209671,0.003790640365332365,1.8803812265396118,0.20158781707286835,0.10773613154888154,0.10812924057245255
packet_length_mean,0.06883894950151444,0.7329943656921387,0.24586453139781952,0.04977415129542351,0.10832895785570144,0.04724198654294014,0.05682561956346035,0.026894522830843925,0.34473355412483214,0.10090328380465508,0.1509062170982361,0.02829471221193671,0.012085873633623123,0.15717645464465022,0.022748272120952606
packet_length_std,0.11213692128658295,0.04359103981405497,0.009880630765110254,0.010297871194779873,0.11047315746545791,0.12249624282121659,0.5129750013351441,0.11819835752248764,0.3960497662425041,0.21297974288463592,0.694808030128479,0.07156488746404648,0.011468251701444387,0.1093380369246006,0.00322252216283232
packet_length_variance,0.03245390132069588,0.014369090693071485,0.0024204843910411,0.0040951765608042475,0.054587830975651744,0.03358061760663986,0.12588963955640792,0.011824001092463732,0.31285184621810913,0.12018314450979233,0.14573537409305573,0.05336235836148262,0.00316068425308913,0.011009930819272994,0.0015633768547559158
fin_flag_count,0.11260992437601089,0.0,0.05059646964073181,2.0312703782110474e-06,0.27735079526901246,0.0,0.0,0.0,0.0,0.0,1.83595075213816e-05,0.0,0.0,0.0,0.0
syn_flag_count,0.0019999078242108224,0.0,0.0,0.0,0.0002446603757562116,0.0029747745604254304,0.031997422501444814,0.3629961609840393,0.0,0.036290686950087546,0.0,0.0034764773678034543,0.0,0.0,0.0
rst_flag_count,0.0,0.0,0.0,0.0,0.0,0.0,0.0,0.0,0.0,0.0,0.0,0.0,0.0,0.0,0.0
psh_flag_count,0.07263673096895218,0.033722690865397455,0.0006169854663312435,0.0026153464568778872,0.009561040252447129,0.04405301921069622,0.15630123615264893,0.0008241084404289722,0.0,0.0,1.040989911556244,0.0009858708770480006,0.00026711381506174805,0.0,0.0
ack_flag_count,0.019477416947484016,0.0,0.1757700502872467,0.011325101600959897,0.020142715610563754,0.005506619019433856,0.034393224865198135,0.0003346023615449667,0.002326301857829094,0.00030235545709729196,0.03622047193348408,0.0010325399460271,3.809912886936218e-05,0.0,0.0
urg_flag_count,0.018341318890452384,0.7040270924568176,0.10087312608957291,0.10618305653333664,0.017796983197331428,0.12229063212871552,0.12447740584611892,0.0037785334803629666,0.0,0.004179339949041605,0.000465231595444493,0.713188624382019,0.23875419199466705,0.881103241443634,0.001303576014470309
cwe_flag_count,0.0,0.0,0.0,0.0,0.0,0.0,0.0,0.0,0.0,0.0,0.0,0.0,0.0,0.0,0.0
ece_flag_count,0.0,0.0,0.0,0.0,0.0,0.0,0.0,0.0,0.0,0.0,0.0,0.0,0.0,0.0,0.0
down/up_ratio,0.015000546537339687,0.010685712751001119,0.0059662970248609785,0.0285586753860116,0.021545534208416938,0.2394051134586334,0.06022601798176765,0.005815916461870074,0.0,0.00545054143294692,0.003405266674235463,0.013318326231092215,0.0394880972802639,0.04652182869613171,0.0025234049069695176
average_packet_size,0.7669929504394531,0.29169213175773623,0.6259823441505432,0.06620943322777748,0.4451045572757721,0.032731907442212105,0.0398954413831234,0.199690517783165,0.4577435851097107,0.3017779469490051,0.1305188089609146,0.08628143817186355,0.0449442982673645,0.05377585981041193,0.0019391669891774654
avg_fwd_segment_size,0.03477529771625996,0.0047364476136863235,0.0705229714512825,0.007066761562600732,0.018569810129702092,0.22075000703334807,0.031894924305379393,2.018892216682434,0.015025069564580917,0.2521347552537918,0.03248584289103747,0.022897104220464825,0.01349328299984336,0.016344818472862243,0.0034629196394234895
avg_bwd_segment_size,0.03355225771665573,0.06779380962252617,0.29902697205543516,0.03431773111224175,0.03902029991149902,0.0037341876188293098,0.15575567483901978,0.0008165120147168636,0.16889124661684035,0.22300662696361542,0.00046563294599764047,0.01063420190475881,0.004684306564740837,0.05941267386078834,0.008177048852667212
fwd_header_length.1,0.00014183311177475843,0.0,0.0,0.0,4.578366933856159e-05,0.0005275539588183165,0.0,0.0,0.05412961542606354,0.0034306079149246218,0.0,0.0,0.009657331369817257,0.0,0.005254338239319622
fwd_avg_bytes/bulk,0.0,0.0,0.0,0.0,0.0,0.0,0.0,0.0,0.0,0.0,0.0,0.0,0.0,0.0,0.0
fwd_avg_packets/bulk,0.0,0.0,0.0,0.0,0.0,0.0,0.0,0.0,0.0,0.0,0.0,0.0,0.0,0.0,0.0
fwd_avg_bulk_rate,0.0,0.0,0.0,0.0,0.0,0.0,0.0,0.0,0.0,0.0,0.0,0.0,0.0,0.0,0.0
bwd_avg_bytes/bulk,0.0,0.0,0.0,0.0,0.0,0.0,0.0,0.0,0.0,0.0,0.0,0.0,0.0,0.0,0.0
bwd_avg_packets/bulk,0.0,0.0,0.0,0.0,0.0,0.0,0.0,0.0,0.0,0.0,0.0,0.0,0.0,0.0,0.0
bwd_avg_bulk_rate,0.0,0.0,0.0,0.0,0.0,0.0,0.0,0.0,0.0,0.0,0.0,0.0,0.0,0.0,0.0
subflow_fwd_packets,0.007211602944880724,0.0017456136760301889,0.00390509651042521,0.010227972362190484,0.09246934056282044,0.005102842906489968,0.011277388408780098,0.0046639008913189174,0.14299596697092057,0.0035118190571665764,0.007743363175541163,0.010948894475586713,0.0040932587930001315,0.0,0.00639545910526067
subflow_fwd_bytes,0.022348907962441444,0.00913986227242276,0.05504826605319977,0.002562658383976668,0.0018441085936501621,0.010631613712757827,0.15249881129711867,0.07649393677711487,0.09053276889026166,0.23587048649787903,0.12243285179138183,0.007187827536836266,0.000960865564411506,0.0007376604480668902,0.0020731504308059813
subflow_bwd_packets,0.02258906252682209,0.003357417945517227,0.05364137664437294,1.5775882005691528,0.036166560277342795,0.024755212664604186,0.008106263540685176,0.02276184465736151,0.12119272202253342,0.04784410605207086,0.0043095799395814535,0.03164525702595711,0.000607418641448021,0.013978546857833863,0.0019726976635865865
subflow_bwd_bytes,0.05006645321846008,0.04215429909527302,0.16524004936218262,2.0900614500045775,0.04518471360206604,0.003616200084798038,0.0034335028962232173,0.04619501456618309,0.020168608427047728,0.02733776830136776,0.00011010425005224534,0.007585318339988589,0.004554612305946648,0.010874352604150771,0.006598524143919348
init_win_bytes_forward,1.3748058557510376,1.0290986061096192,1.0167819142341614,1.396570658683777,1.5176988601684571,0.4066894292831421,0.5253658056259155,0.5309365272521973,0.0200456365942955,0.5313968747854233,0.5349479913711548,3.1125042915344237,0.18833763152360916,0.4404649168252945,0.13781167268753053
init_win_bytes_backward,0.7078424096107483,2.6927085876464845,0.435497522354126,0.5172028839588165,1.7329839944839478,0.7242373108863831,0.4701052725315094,0.7962278962135315,0.010774160921573638,0.3012228086590767,0.024523697420954706,4.161436414718628,5.964872932434082,3.424095869064331,5.646518611907959
act_data_pkt_fwd,0.02098963111639023,0.010822646343149245,1.4975757360458375,0.4135681211948395,0.01271171011030674,0.027477613650262356,0.03998411577194929,0.006857168790884316,0.257367804646492,1.2227545022964477,0.014105558022856712,0.1301526553928852,0.07951098084449768,0.02365911230444908,0.021526307612657548
min_seg_size_forward,3.078113149967976e-05,0.0,0.0,0.0,5.959493355476297e-05,0.00043400834256317465,0.0,0.0,0.0,0.0,0.00014396056067198515,0.0,0.0,0.0,0.0
active_mean,0.005703389877453446,0.000791345164179802,0.007993175927549601,0.016315230913460255,0.004120127810165286,0.18898213654756546,0.05524232536554337,0.0,0.0,0.09543344974517823,0.0039023942779749634,0.0019462647149339318,3.5569973988458514e-05,0.065060555934906,6.875369326735381e-05
active_std,0.005559080559760332,0.0017015827354043723,0.0,0.0009096021589357406,2.5808689315454102e-06,0.032523302815388885,1.4419934272766113,0.0,0.0,0.037837727926671505,3.195121098542586e-06,9.79072938207537e-06,0.025803420692682266,0.0,0.0002423958037979901
active_max,0.01893229503184557,0.005838340893387794,0.0035377266351133583,0.009544944576919078,0.009463192243129016,0.07416828274726868,0.08743114918470382,0.00030792540346737953,0.0,0.02327441410161555,0.0009395958273671568,0.00026840523350983857,0.0013242337969131767,0.01984129399061203,0.00013322196900844574
active_min,0.06331411972641945,0.0011969450511969625,0.013503768667578697,0.12472700849175453,0.004388253716751933,2.8328327178955077,0.0368978351354599,0.00021320963933249004,0.0,0.3642353966832161,0.00019986046827398242,0.00010066631948575377,0.0004303879621147644,0.035950367152690885,0.0005621885538857896
idle_mean,0.011650796234607696,2.8001955070067196e-05,0.08832345008850098,0.08928656950592995,0.031290256232023236,0.24095815122127534,0.006589095015078783,0.0,0.0,0.03753850879147649,7.700363730691606e-05,0.00020153906662017106,0.0053555116028292105,0.04928172081708908,0.003076620225328952
idle_std,0.0016258810530416668,0.0001276079230592586,0.026993173733353616,0.004820116842165589,8.535150191164575e-05,0.006206078187096864,0.0014184066327288746,0.0,0.0,0.08623313307762145,0.00017069133409677306,8.487689774483442e-05,0.0,0.0,0.00014657332467322705
idle_max,0.007186217233538628,2.167139027733356e-05,0.04292522631585598,0.5397598624229432,0.3117499589920044,0.40498337149620056,0.059968477860093114,0.0,0.0,0.00406641133595258,0.00020398767810547724,4.82833493151702e-06,0.003890789765864611,0.0,0.0005022254132200033
idle_min,0.016085994616150855,0.00029497258219635114,0.13073996156454087,0.2955890655517578,0.04574063941836357,0.062207183241844176,0.019362126290798188,0.0,0.0,0.0819910328835249,0.002651864290237427,0.00020275220776966307,0.044666336849331856,0.0021034786477684975,0.004716884763911367
